round_no,date,round_type,invitations,min_score,tie_break,ingested_at
"444","2026-09-16","Senior managers with Canadian Work Experience, 2026-Version 1","250","389","September 01, 2026 at 23:05:13 UTC","2026-09-25T00:20:35Z"
"443","2026-09-15","Canadian Experience Class","2000","519","March 26, 2026 at 00:16:39 UTC","2026-09-25T00:20:35Z"
"442","2026-09-14","Provincial Nominee Program","576","734","August 29, 2026 at 21:39:50 UTC","2026-09-25T00:20:35Z"
"441","2026-09-04","Healthcare and Social Services Occupations, 2026-Version 3","3500","475","May 26, 2026 at 00:26:14 UTC","2026-09-25T00:20:35Z"
"440","2026-09-03","Physicians with Canadian Work Experience, 2026-Version 1","229","198","August 06, 2026 at 19:40:38 UTC","2026-09-25T00:20:35Z"
"439","2026-09-01","Canadian Experience Class","2000","521","August 18, 2026 at 03:24:13 UTC","2026-09-25T00:20:35Z"
"438","2026-08-31","Provincial Nominee Program","562","697","April 12th, 2026 at 04:32:26 UTC","2026-09-25T00:20:35Z"
"437","2026-08-19","French-Language proficiency 2026-Version 2","5000","382","March 1, 2026 at 18:34:05 UTC","2026-09-25T00:20:35Z"
"436","2026-08-18","Canadian Experience Class","1000","523","August 17, 2026 at 22:09:00 UTC","2026-09-25T00:20:35Z"
"435","2026-08-17","Provincial Nominee Program","442","760","August 07, 2026 at 18:01:56 UTC","2026-09-25T00:20:35Z"
"434","2026-08-07","Transport Occupations, 2026-Version 2","300","470","October 11, 2025 at 14:55:49 UTC","2026-09-25T00:20:35Z"
"433","2026-08-06","French-Language proficiency 2026-Version 2","5000","391","March 18, 2026 at 23:32:40 UTC","2026-09-25T00:20:35Z"
"432","2026-08-05","Canadian Experience Class","3000","516","July 3rd 2026 at 21:35:13 UTC","2026-09-25T00:20:35Z"
"431","2026-08-04","Provincial Nominee Program","507","768","May 15, 2026 at 15:58:19 UTC","2026-09-25T00:20:35Z"
"430","2026-07-23","Skilled Military Recruits, 2026-Version 1","4","368","June 02, 2026 at 20:11:26 UTC","2026-09-25T00:20:35Z"
"429","2026-07-22","French-Language proficiency 2026-Version 2","5000","399","November 19, 2025 at 21:21:56 UTC","2026-09-25T00:20:35Z"
"428","2026-07-21","Canadian Experience Class","2000","516","May 26, 2026 at 17:33:03 UTC","2026-09-25T00:20:35Z"
"427","2026-07-20","Provincial Nominee Program","511","744","May 26, 2026 at 18:11:36 UTC","2026-09-25T00:20:35Z"
"426","2026-07-10","Senior managers with Canadian Work Experience, 2026-Version 1","500","392","March 15, 2026 at 01:46:05 UTC","2026-09-25T00:20:35Z"
"425","2026-07-09","French-Language proficiency 2026-Version 2","5000","420","May 15, 2026 at 08:04:00 UTC","2026-09-25T00:20:35Z"
"424","2026-07-07","Canadian Experience Class","2000","517","December 29, 2025 at 17:49:27 UTC","2026-09-25T00:20:35Z"
"423","2026-07-06","Provincial Nominee Program","534","708","June 4, 2026 at 14:49:51 UTC","2026-09-25T00:20:35Z"
"422","2026-06-25","Healthcare and Social Services Occupations, 2026-Version 3","4000","475","May 21, 2026 at  12:14:09 UTC","2026-09-25T00:20:35Z"
"421","2026-06-24","Physicians with Canadian Work Experience, 2026-Version 1","271","223","May 31, 2026 at 18:13:49 UTC","2026-09-25T00:20:35Z"
"420","2026-06-23","Canadian Experience Class","4000","516","April 14, 2026 at 00:03:10 UTC","2026-09-25T00:20:35Z"
"419","2026-06-22","Provincial Nominee Program","955","730","March 09, 2026 at 01:02:28 UTC","2026-09-25T00:20:35Z"
"418","2026-05-28","French-Language proficiency 2026-Version 2","4500","409","April 29, 2026 at 22:20:00 UTC","2026-09-25T00:20:35Z"
"417","2026-05-27","Canadian Experience Class","3000","518","April 30, 2026 at 03:16:01 UTC","2026-09-25T00:20:35Z"
"416","2026-05-25","Provincial Nominee Program","334","805","October 16, 2025 at 18:16:33 UTC","2026-09-25T00:20:35Z"
"415","2026-05-11","Provincial Nominee Program","380","798","January 07, 2026 at 05:23:31 UTC","2026-09-25T00:20:35Z"
"414","2026-04-29","French-Language proficiency 2026-Version 2","4000","400","April 07, 2026 at 20:13:59 UTC","2026-09-25T00:20:35Z"
"413","2026-04-28","Canadian Experience Class","2000","514","September 24, 2025 at 14:18:43 UTC","2026-09-25T00:20:35Z"
"412","2026-04-27","Provincial Nominee Program","473","795","April 13, 2026  at 23:10:05 UTC","2026-09-25T00:20:35Z"
"411","2026-04-15","French-Language proficiency 2026-Version 2","4000","419","November 14, 2025 at 07:14:25 UTC","2026-09-25T00:20:35Z"
"410","2026-04-14","Canadian Experience Class","2000","515","June 10, 2025 at 02:46:26 UTC","2026-09-25T00:20:35Z"
"409","2026-04-13","Provincial Nominee Program","324","786","November 19, 2025 at 18:53:59 UTC","2026-09-25T00:20:35Z"
"408","2026-04-02","Trades Occupations, 2026-Version 3","3000","477","February 14, 2026 at 20:53:54 UTC","2026-09-25T00:20:35Z"
"407","2026-03-31","Canadian Experience Class","2250","509","March 18, 2026 at 08:27:11 UTC","2026-09-25T00:20:35Z"
"406","2026-03-30","Provincial Nominee Program","356","802","February 12, 2026 at 03:54:03 UTC","2026-09-25T00:20:35Z"
"405","2026-03-18","French-Language proficiency 2026-Version 2","4000","393","December 29, 2025 at 12:47:31 UTC","2026-09-25T00:20:35Z"
"404","2026-03-17","Canadian Experience Class","4000","507","May 11, 2025 at 18:57:31 UTC","2026-09-25T00:20:35Z"
"403","2026-03-16","Provincial Nominee Program","362","742","October 05, 2025 at 20:35:25 UTC","2026-09-25T00:20:35Z"
"402","2026-03-05","Senior managers with Canadian Work Experience, 2026-Version 1","250","429","August 19, 2025 at 15:10:18 UTC","2026-09-25T00:20:35Z"
"401","2026-03-04","French-Language proficiency 2026-Version 2","5500","397","October 10, 2025 at 18:18:20 UTC","2026-09-25T00:20:35Z"
"400","2026-03-03","Canadian Experience Class","4000","508","June 24, 2025 at 22:35:48 UTC","2026-09-25T00:20:35Z"
"399","2026-03-02","Provincial Nominee Program","264","710","August 07, 2025 at 18:02:56 UTC","2026-09-25T00:20:35Z"
"398","2026-02-20","Healthcare and Social Services Occupations, 2026-Version 3","4000","467","December 09, 2025 at 18:22:06 UTC","2026-09-25T00:20:35Z"
"397","2026-02-19","Physicians with Canadian Work Experience, 2026-Version 1","391","169","January 03, 2026 at 03:25:14 UTC","2026-09-25T00:20:35Z"
"396","2026-02-17","Canadian Experience Class","6000","508","March 16, 2025 at 09:35:59 UTC","2026-09-25T00:20:35Z"
"395","2026-02-16","Provincial Nominee Program","279","789","September 05, 2025 at 0:59:13 UTC","2026-09-25T00:20:35Z"
"394","2026-02-06","French-Language proficiency 2026-Version 2","8500","400","February 03, 2026 at 11:11:44 UTC","2026-09-25T00:20:35Z"
"393","2026-02-03","Provincial Nominee Program","423","749","December 16, 2025 at 22:30:36 UTC","2026-09-25T00:20:35Z"
"392","2026-01-21","Canadian Experience Class","6000","509","October 29, 2025 at 04:35:24 UTC","2026-09-25T00:20:35Z"
"391","2026-01-20","Provincial Nominee Program","681","746","November 19, 2025 at 04:09:11 UTC","2026-09-25T00:20:35Z"
"390","2026-01-07","Canadian Experience Class","8000","511","June 10, 2025 at 15:59:25 UTC","2026-09-25T00:20:35Z"
"389","2026-01-05","Provincial Nominee Program","574","711","October 06, 2025 at 01:54:31 UTC","2026-09-25T00:20:35Z"
"388","2025-12-17","French language proficiency (Version 1)","6000","399","August 24, 2025 at 23:43:05 UTC","2026-09-25T00:20:35Z"
"387","2025-12-16","Canadian Experience Class","5000","515","September 9, 2025 at 18:58:59 UTC","2026-09-25T00:20:35Z"
"386","2025-12-15","Provincial Nominee Program","399","731","October 18, 2025 at  7:18:52 UTC","2026-09-25T00:20:35Z"
"385","2025-12-11","Healthcare and social services occupations (Version 2)","1000","476","November 26, 2025 at 07:44:30 UTC","2026-09-25T00:20:35Z"
"384","2025-12-10","Canadian Experience Class","6000","520","July 15, 2025 at 17:30:33 UTC","2026-09-25T00:20:35Z"
"383","2025-12-08","Provincial Nominee Program","1123","729","March 05, 2025 at 05:10:48","2026-09-25T00:20:35Z"
"382","2025-11-28","French language proficiency (Version 1)","6000","408","May 26 2025 at 12:28:38 UTC","2026-09-25T00:20:35Z"
"381","2025-11-26","Canadian Experience Class","1000","531","October 08, 2025 at 19:02:26 UTC","2026-09-25T00:20:35Z"
"380","2025-11-25","Provincial Nominee Program","777","699","September 06, 2025 at 01:16:22 UTC","2026-09-25T00:20:35Z"
"379","2025-11-14","Healthcare and social services occupations (Version 2)","3500","462","December 02, 2024 at 22:19:41 UTC","2026-09-25T00:20:35Z"
"378","2025-11-12","Canadian Experience Class","1000","533","October 17, 2025 at 03:39:05 UTC","2026-09-25T00:20:35Z"
"377","2025-11-10","Provincial Nominee Program","714","738","February 22, 2025 at 2:12:01 UTC","2026-09-25T00:20:35Z"
"376","2025-10-29","French language proficiency (Version 1)","6000","416","September 8, 2025 at 15:27:09 UTC","2026-09-25T00:20:35Z"
"375","2025-10-28","Canadian Experience Class","1000","533","March 21, 2025 at 04:16:27 UTC","2026-09-25T00:20:35Z"
"374","2025-10-27","Provincial Nominee Program","302","761","September 26, 2025 at 02:14:06 UTC","2026-09-25T00:20:35Z"
"373","2025-10-15","Healthcare and social services occupations (Version 2)","2500","472","May 12, 2025 at 23:17:30 UTC","2026-09-25T00:20:35Z"
"372","2025-10-14","Provincial Nominee Program","345","778","July 17, 2025 at 19:58:49 UTC","2026-09-25T00:20:35Z"
"371","2025-10-06","French language proficiency (Version 1)","4500","432","June 13, 2025 at 19:07:01 UTC","2026-09-25T00:20:35Z"
"370","2025-10-01","Canadian Experience Class","1000","534","February 21, 2025 at 04:01:57 UTC","2026-09-25T00:20:35Z"
"369","2025-09-29","Provincial Nominee Program","291","855","April 08, 2025 at 01:25:29 UTC","2026-09-25T00:20:35Z"
"368","2025-09-18","Trade occupations (Version 2)","1250","505","November 05, 2024 at 22:36:09 UTC","2026-09-25T00:20:35Z"
"367","2025-09-17","Education occupations (Version 1)","2500","462","July 09, 2025 at 04:24:19 UTC","2026-09-25T00:20:35Z"
"366","2025-09-15","Provincial Nominee Program","228","746","March 31, 2025 at 13:39:06 UTC","2026-09-25T00:20:35Z"
"365","2025-09-04","French language proficiency (Version 1)","4500","446","June 16, 2025 at 07:21:06 UTC","2026-09-25T00:20:35Z"
"364","2025-09-03","Canadian Experience Class","1000","534","August 14, 2025 at 08:28:38 UTC","2026-09-25T00:20:35Z"
"363","2025-09-02","Provincial Nominee Program","249","772","August 28, 2025 at 19:19:18 UTC","2026-09-25T00:20:35Z"
"362","2025-08-19","Healthcare and social services occupations (Version 2)","2500","470","April 23, 2025 at 20:08:53 UTC","2026-09-25T00:20:35Z"
"361","2025-08-18","Provincial Nominee Program","192","800","February 11, 2025 at 19:17:09 UTC","2026-09-25T00:20:35Z"
"360","2025-08-08","French language proficiency (Version 1)","2500","481","July 18, 2025 at 05:16:06 UTC","2026-09-25T00:20:35Z"
"359","2025-08-07","Canadian Experience Class","1000","534","August 03, 2025 at 06:22:02 UTC","2026-09-25T00:20:35Z"
"358","2025-08-06","Provincial Nominee Program","225","739","April 23, 2025 at 06:35:51 UTC","2026-09-25T00:20:35Z"
"357","2025-07-22","Healthcare and social services occupations (Version 2)","4000","475","March 13, 2025 at 13:08:29 UTC","2026-09-25T00:20:35Z"
"356","2025-07-21","Provincial Nominee Program","202","788","June 05, 2025 at 23:50:45 UTC","2026-09-25T00:20:35Z"
"355","2025-07-08","Canadian Experience Class","3000","518","October 02, 2024 at 1:48:36 UTC","2026-09-25T00:20:35Z"
"354","2025-07-07","Provincial Nominee Program","356","750","March 19, 2025 at 04:09:09 UTC","2026-09-25T00:20:35Z"
"353","2025-06-26","Canadian Experience Class","3000","521","November 21, 2024 at 15:56:13 UTC","2026-09-25T00:20:35Z"
"352","2025-06-23","Provincial Nominee Program","503","742","May 30, 2025 at 21:44:57 UTC","2026-09-25T00:20:35Z"
"351","2025-06-12","Canadian Experience Class","3000","529","September 28, 2024 at 18:06:46 UTC","2026-09-25T00:20:35Z"
"350","2025-06-10","Provincial Nominee Program","125","784","September 12, 2024 at 18:12:15 UTC","2026-09-25T00:20:35Z"
"349","2025-06-04","Healthcare and social services occupations (Version 2)","500","504","March 31, 2025 at 06:47:23 UTC","2026-09-25T00:20:35Z"
"348","2025-06-02","Provincial Nominee Program","277","726","September 24, 2024 at 15:46:19 UTC","2026-09-25T00:20:35Z"
"347","2025-05-13","Canadian Experience Class","500","547","May 21, 2024 at 17:26:27 UTC","2026-09-25T00:20:35Z"
"346","2025-05-12","Provincial Nominee Program","511","706","March 04, 2025 at 22:35:42 UTC","2026-09-25T00:20:35Z"
"345","2025-05-02","Healthcare and social services occupations (Version 2)","500","510","July 21, 2024 at 04:31:17 UTC","2026-09-25T00:20:35Z"
"344","2025-05-01","Education occupations (Version 1)","1000","479","August 10, 2024 at 10:35:55 UTC","2026-09-25T00:20:35Z"
"343","2025-04-28","Provincial Nominee Program","421","727","September 09, 2024 at 17:11:19 UTC","2026-09-25T00:20:35Z"
"342","2025-04-14","Provincial Nominee Program","825","764","August 17, 2024 at 18:35:52 UTC","2026-09-25T00:20:35Z"
"341","2025-03-21","French language proficiency (Version 1)","7500","379","March 06, 2025 at 02:53:27 UTC","2026-09-25T00:20:35Z"
"340","2025-03-17","Provincial Nominee Program","536","736","March 12, 2025 at 14:02:14 UTC","2026-09-25T00:20:35Z"
"339","2025-03-06","French language proficiency (Version 1)","4500","410","February 11, 2025 at 07:47:29 UTC","2026-09-25T00:20:35Z"
"338","2025-03-03","Provincial Nominee Program","725","667","June 05, 2024 at 18:25:22 UTC","2026-09-25T00:20:35Z"
"337","2025-02-19","French language proficiency (Version 1)","6500","428","February 10, 2025 at 16:41:38 UTC","2026-09-25T00:20:35Z"
"336","2025-02-17","Provincial Nominee Program","646","750","July 23, 2024 at 17:41:11 UTC","2026-09-25T00:20:35Z"
"335","2025-02-05","Canadian Experience Class","4000","521","November 14, 2024 at 02:52:14 UTC","2026-09-25T00:20:35Z"
"334","2025-02-04","Provincial Nominee Program","455","802","December 07, 2024 at 19:39:25 UTC","2026-09-25T00:20:35Z"
"333","2025-01-23","Canadian Experience Class","4000","527","July 23, 2024 at 07:06:43 UTC","2026-09-25T00:20:35Z"
"332","2025-01-08","Canadian Experience Class","1350","542","December 07, 2024 at 01:10:06 UTC","2026-09-25T00:20:35Z"
"331","2025-01-07","Provincial Nominee Program","471","793","November 25, 2024 at 16:57:27 UTC","2026-09-25T00:20:35Z"
"330","2024-12-16","Provincial Nominee Program","1085","727","September 18, 2024 at 13:39:10 UTC","2026-09-25T00:20:35Z"
"329","2024-12-03","French language proficiency (Version 1)","800","466","November 26, 2024 at 02:44:59 UTC","2026-09-25T00:20:35Z"
"328","2024-12-02","Provincial Nominee Program","676","705","November 27, 2024 at 18:15:17 UTC","2026-09-25T00:20:35Z"
"327","2024-11-20","Healthcare occupations (Version 1)","3000","463","October 21, 2024 at 16:12:39 UTC","2026-09-25T00:20:35Z"
"326","2024-11-19","Canadian Experience Class","400","539","July 08, 2024 at 01:41:37 UTC","2026-09-25T00:20:35Z"
"325","2024-11-18","Provincial Nominee Program","174","816","August 28, 2024 at 05:12:34 UTC","2026-09-25T00:20:35Z"
"324","2024-11-15","French language proficiency (Version 1)","800","478","November 07, 2024 at 13:12:03 UTC","2026-09-25T00:20:35Z"
"323","2024-11-13","Canadian Experience Class","400","547","April 10, 2024 at 03:58:05 UTC","2026-09-25T00:20:35Z"
"322","2024-11-12","Provincial Nominee Program","733","812","March 02. 2024 at 01:58:34 UTC","2026-09-25T00:20:35Z"
"321","2024-10-23","Trade occupations (Version 1)","1800","433","March 12, 2024 at 14:30:36 UTC","2026-09-25T00:20:35Z"
"320","2024-10-22","Canadian Experience Class","400","539","October 19, 2024 at 21:53:18 UTC","2026-09-25T00:20:35Z"
"319","2024-10-21","Provincial Nominee Program","648","791","August 13, 2024 at 20:04:52 UTC","2026-09-25T00:20:35Z"
"318","2024-10-10","French language proficiency (Version 1)","1000","444","September 27, 2024 at 18:56:32 UTC","2026-09-25T00:20:35Z"
"317","2024-10-09","Canadian Experience Class","500","539","February 20, 2024 at 02:57:40 UTC","2026-09-25T00:20:35Z"
"316","2024-10-07","Provincial Nominee Program","1613","743","March 22, 2024 at 18:36:54 UTC","2026-09-25T00:20:35Z"
"315","2024-09-19","Canadian Experience Class","4000","509","November 06, 2023 at 20:17:35 UTC","2026-09-25T00:20:35Z"
"314","2024-09-13","French language proficiency (Version 1)","1000","446","August 28, 2024 at 17:07:19 UTC","2026-09-25T00:20:35Z"
"313","2024-09-09","Provincial Nominee Program","911","732","March 13, 2024 at 19:56:16 UTC","2026-09-25T00:20:35Z"
"312","2024-08-27","Canadian Experience Class","3300","507","April 17, 2024 at 20:11:20 UTC","2026-09-25T00:20:35Z"
"311","2024-08-26","Provincial Nominee Program","1121","694","August 03, 2024 at 18:54:27 UTC","2026-09-25T00:20:35Z"
"310","2024-08-15","French language proficiency (Version 1)","2000","394","July 07, 2024 at 09:46:10 UTC","2026-09-25T00:20:35Z"
"309","2024-08-14","Canadian Experience Class","3200","509","March 01, 2024 at 19:23:21 UTC","2026-09-25T00:20:35Z"
"308","2024-08-13","Provincial Nominee Program","763","690","April 26, 2024 at 10:59:30 UTC","2026-09-25T00:20:35Z"
"307","2024-07-31","Canadian Experience Class","5000","510","June 30, 2024 at 20:39:14 UTC","2026-09-25T00:20:35Z"
"306","2024-07-30","Provincial Nominee Program","964","686","May 27, 2024 at 07:07:21 UTC","2026-09-25T00:20:35Z"
"305","2024-07-18","French language proficiency (Version 1)","1800","400","March 08, 2024 at 19:51:40 UTC","2026-09-25T00:20:35Z"
"304","2024-07-17","Canadian Experience Class","6300","515","February 03, 2024 at 13:01:06 UTC","2026-09-25T00:20:35Z"
"303","2024-07-16","Provincial Nominee Program","1391","670","May 04, 2024 at 13:27:31 UTC","2026-09-25T00:20:35Z"
"302","2024-07-08","French language proficiency (Version 1)","3200","420","May 30, 2024 at 03:37:43 UTC","2026-09-25T00:20:35Z"
"301","2024-07-05","Healthcare occupations (Version 1)","3750","445","May 07, 2024 at 21:27:04 UTC","2026-09-25T00:20:35Z"
"300","2024-07-04","Trade occupations (Version 1)","1800","436","July 16, 2023 at 15:44:59 UTC","2026-09-25T00:20:35Z"
"299","2024-07-02","Provincial Nominee Program","920","739","February 02, 2024 at 11:38:43 UTC","2026-09-25T00:20:35Z"
"298","2024-06-19","Provincial Nominee Program","1499","663","January 19, 2024 at 10:10:40 UTC","2026-09-25T00:20:35Z"
"297","2024-05-31","Canadian Experience Class","3000","522","March 19, 2024 at 18:58:58 UTC","2026-09-25T00:20:35Z"
"296","2024-05-30","Provincial Nominee Program","2985","676","January 19, 2024 at 18:32:21 UTC","2026-09-25T00:20:35Z"
"295","2024-04-24","French language proficiency (Version 1)","1400","410","April 07, 2024 at 02:06:46 UTC","2026-09-25T00:20:35Z"
"294","2024-04-23","General","2095","529","November 08, 2023 at 17:50:29 UTC","2026-09-25T00:20:35Z"
"293","2024-04-11","STEM occupations (Version 1)","4500","491","February 25, 2024 at 11:55:12 UTC","2026-09-25T00:20:35Z"
"292","2024-04-10","General","1280","549","March 21, 2024 at 03:37:24 UTC","2026-09-25T00:20:35Z"
"291","2024-03-26","French language proficiency (Version 1)","1500","388","March 10, 2024 at 20:06:26 UTC","2026-09-25T00:20:35Z"
"290","2024-03-25","General","1980","524","February 25, 2024 at 14:42:38 UTC","2026-09-25T00:20:35Z"
"289","2024-03-13","Transport occupations (Version 1)","975","430","July 31, 2023 at 13:27:26 UTC","2026-09-25T00:20:35Z"
"288","2024-03-12","General","2850","525","November 01, 2023 at 17:08:51 UTC","2026-09-25T00:20:35Z"
"287","2024-02-29","French language proficiency (Version 1)","2500","336","January 18, 2024 at 09:15:46 UTC","2026-09-25T00:20:35Z"
"286","2024-02-28","General","1470","534","January 16, 2024 at 03:51:05 UTC","2026-09-25T00:20:35Z"
"285","2024-02-16","Agriculture and agri-food occupations (Version 1)","150","437","January 29, 2024 at 03:32:58 UTC","2026-09-25T00:20:35Z"
"284","2024-02-14","Healthcare occupations (Version 1)","3500","422","January 30, 2024 at 02:39:54 UTC","2026-09-25T00:20:35Z"
"283","2024-02-13","General","1490","535","February 11, 2024 at 15:26:56 UTC","2026-09-25T00:20:35Z"
"282","2024-02-01","French language proficiency (Version 1)","7000","365","September 08, 2023 at 09:47:27 UTC","2026-09-25T00:20:35Z"
"281","2024-01-31","General","730","541","July 15, 2023 at 10:52:08 UTC","2026-09-25T00:20:35Z"
"280","2024-01-23","General","1040","543","January 21, 2024 at 07:43:47 UTC","2026-09-25T00:20:35Z"
"279","2024-01-10","General","1510","546","December 31, 2023 at 18:23:22 UTC","2026-09-25T00:20:35Z"
"278","2023-12-21","Agriculture and agri-food occupations (Version 1)","400","386","July 06, 2023 at 05:44:14 UTC","2026-09-25T00:20:35Z"
"277","2023-12-20","Transport occupations (Version 1)","670","435","August 30. 2023 at 17:30:21 UTC","2026-09-25T00:20:35Z"
"276","2023-12-19","Trade occupations (Version 1)","1000","425","November 04, 2023 at 11:16:58 UTC","2026-09-25T00:20:35Z"
"275","2023-12-18","General","1325","542","November 06, 2023 at 14:40:23 UTC","2026-09-25T00:20:35Z"
"274","2023-12-08","STEM occupations (Version 1)","5900","481","September 07, 2023 at 09:24:49 UTC","2026-09-25T00:20:35Z"
"273","2023-12-07","French language proficiency (Version 1)","1000","470","October 03, 2023 at 04:45:27 UTC","2026-09-25T00:20:35Z"
"272","2023-12-06","General","4750","561","November 08, 2023 at 06:00:13 UTC","2026-09-25T00:20:35Z"
"271","2023-10-26","Healthcare occupations (Version 1)","3600","431","May 24, 2023 at 19:47:51 UTC","2026-09-25T00:20:35Z"
"270","2023-10-25","French language proficiency (Version 1)","300","486","September 30, 2023 at 04:22:17 AM UTC","2026-09-25T00:20:35Z"
"269","2023-10-24","Provincial Nominee Program","1548","776","July 07, 2023 at 07:28:57 UTC","2026-09-25T00:20:35Z"
"268","2023-10-10","No Program Specified","3725","500","October 02, 2023 at 15:25:30 UTC","2026-09-25T00:20:35Z"
"267","2023-09-28","Agriculture and agri-food occupations (Version 1)","600","354","June 12, 2023 at 10:23:21 UTC","2026-09-25T00:20:35Z"
"266","2023-09-27","French language proficiency (Version 1)","500","472","August 16, 2023 at 09:00:14 UTC","2026-09-25T00:20:35Z"
"265","2023-09-26","No Program Specified","3000","504","September 11, 2023 at 20:24:18 UTC","2026-09-25T00:20:35Z"
"264","2023-09-20","Transport occupations (Version 1)","1000","435","June 17, 2023 at 06:44:01 UTC","2026-09-25T00:20:35Z"
"263","2023-09-19","No Program Specified","3200","531","September 12, 2023 at 12:16:31 UTC","2026-09-25T00:20:35Z"
"262","2023-08-15","No Program Specified","4300","496","July 04, 2023 at 19:36:18 UTC ","2026-09-25T00:20:35Z"
"261","2023-08-03","Trade occupations (Version 1)","1500","388","June 07, 2023 at 07:03:08 UTC","2026-09-25T00:20:35Z"
"260","2023-08-02","French language proficiency (Version 1)","800","435","July 31, 2023 at 09:57:30 UTC","2026-09-25T00:20:35Z"
"259","2023-08-01","No Program Specified","2000","517","June 30, 2023 at 11:45:05 UTC","2026-09-25T00:20:35Z"
"258","2023-07-12","French language proficiency (Version 1)","3800","375","June 15, 2023 at 23:49:05","2026-09-25T00:20:35Z"
"257","2023-07-11","No Program Specified","800","505","October 01, 2022 at 06:13:05 UTC","2026-09-25T00:20:35Z"
"256","2023-07-07","French language proficiency (Version 1)","2300","439","January 20, 2023 at 17:18:32 UTC","2026-09-25T00:20:35Z"
"255","2023-07-06","Healthcare occupations (Version 1)","1500","463","June 19, 2023 06:41:05 UTC","2026-09-25T00:20:35Z"
"254","2023-07-05","STEM occupations (Version 1)","500","486","November 23, 2022 00:01:29 UTC","2026-09-25T00:20:35Z"
"253","2023-07-04","No Program Specified","700","511","July 01, 2023 09:31:32 UTC","2026-09-25T00:20:35Z"
"252","2023-06-28","Healthcare occupations (Version 1)","500","476","November 12, 2022 12:47:27 UTC","2026-09-25T00:20:35Z"
"251","2023-06-27","No Program Specified","4300","486","June 21, 2023 00:57:04 UTC","2026-09-25T00:20:35Z"
"250","2023-06-08","No Program Specified","4800","486","May 19, 2023 14:04:00 UTC","2026-09-25T00:20:35Z"
"249","2023-05-24","No Program Specified","4800","488","December 26, 2022 01:12:48 UTC","2026-09-25T00:20:35Z"
"248","2023-05-10","Provincial Nominee Program","589","691","March 08, 2023 at 16:42:17 UTC","2026-09-25T00:20:35Z"
"247","2023-04-26","No Program Specified","3500","483","April 22, 2023 19:46:58 UTC","2026-09-25T00:20:35Z"
"246","2023-04-12","No Program Specified","3500","486","July 19, 2022 11:05:24 UTC","2026-09-25T00:20:35Z"
"245","2023-03-29","No Program Specified","7000","481","February 14, 2023 07:35:00 UTC","2026-09-25T00:20:35Z"
"244","2023-03-23","No Program Specified","7000","484","May 19,2022 06:48:41 UTC","2026-09-25T00:20:35Z"
"243","2023-03-15","No Program Specified","7000","490","February 16, 2023 10:33:06 UTC","2026-09-25T00:20:35Z"
"242","2023-03-01","Provincial Nominee Program","667","748","December 12, 2022, at 10:48:12 UTC","2026-09-25T00:20:35Z"
"241","2023-02-15","Provincial Nominee Program","699","791","February 08, 2023, at 18:09:01 UTC","2026-09-25T00:20:35Z"
"240","2023-02-02","Federal Skilled Worker","3300","489","March 29, 2022, at 16:09:00 UTC","2026-09-25T00:20:35Z"
"239","2023-02-01","Provincial Nominee Program","893","733","December 09, 2022, at 10:49:57 UTC","2026-09-25T00:20:35Z"
"238","2023-01-18","No Program Specified","5500","490","November 24, 2022 21:14:59 UTC","2026-09-25T00:20:35Z"
"237","2023-01-11","No Program Specified","5500","507","December 06, 2022 11:00:07 UTC","2026-09-25T00:20:35Z"
"236","2022-11-23","No Program Specified","4750","491","October 13, 2022 11:22:17 UTC","2026-09-25T00:20:35Z"
"235","2022-11-09","No Program Specified","4750","494","June 06, 2022 20:48:23 UTC","2026-09-25T00:20:35Z"
"234","2022-10-26","No Program Specified","4750","496","May 09, 2022 09:04:20 UTC","2026-09-25T00:20:35Z"
"233","2022-10-12","No Program Specified","4250","500","October 10, 2022 17:10:53 UTC","2026-09-25T00:20:35Z"
"232","2022-09-28","No Program Specified","3750","504","May 02, 2022 at 17:17:32 UTC","2026-09-25T00:20:35Z"
"231","2022-09-14","No Program Specified","3250","510","January 08, 2022 at 10:24:52 UTC","2026-09-25T00:20:35Z"
"230","2022-08-31","No Program Specified","2750","516","April 16, 2022 at 18:24:41 UTC","2026-09-25T00:20:35Z"
"229","2022-08-17","No Program Specified","2250","525","December 28, 2021 at 11:03:15 UTC","2026-09-25T00:20:35Z"
"228","2022-08-03","No Program Specified","2000","533","January 06, 2022 at 14:29:50 UTC","2026-09-25T00:20:35Z"
"227","2022-07-20","No Program Specified","1750","542","December 30, 2021 at 15:29:35 UTC","2026-09-25T00:20:35Z"
"226","2022-07-06","No Program Specified","1500","557","November 13, 2021 at 02:20:46 UTC","2026-09-25T00:20:35Z"
"225","2022-06-22","Provincial Nominee Program","636","752","April 19, 2022 at 13:45:45 UTC","2026-09-25T00:20:35Z"
"224","2022-06-08","Provincial Nominee Program","932","796","October 18, 2021 at 17:13:17 UTC","2026-09-25T00:20:35Z"
"223","2022-05-25","Provincial Nominee Program","590","741","February 02, 2022 at 12:29:53 UTC","2026-09-25T00:20:35Z"
"222","2022-05-11","Provincial Nominee Program","545","753","December 15, 2021 at 20:32:57 UTC","2026-09-25T00:20:35Z"
"221","2022-04-27","Provincial Nominee Program","829","772","March 24, 2022 at 8:00:50 UTC","2026-09-25T00:20:35Z"
"220","2022-04-13","Provincial Nominee Program","787","782","April 07, 2022 at 16:31:21 UTC","2026-09-25T00:20:35Z"
"219","2022-03-30","Provincial Nominee Program","919","785","November 15, 2021 at 20:23:16 UTC","2026-09-25T00:20:35Z"
"218","2022-03-16","Provincial Nominee Program","924","754","February 10, 2022 at 14:35:27 UTC","2026-09-25T00:20:35Z"
"217","2022-03-02","Provincial Nominee Program","1047","761","January 05, 2022 at 14:22:03 UTC","2026-09-25T00:20:35Z"
"216","2022-02-16","Provincial Nominee Program","1082","710","October 07, 2021 at 11:36:55 UTC","2026-09-25T00:20:35Z"
"215","2022-02-02","Provincial Nominee Program","1070","674","February 18 2021 at 05:05:15 UTC","2026-09-25T00:20:35Z"
"214","2022-01-19","Provincial Nominee Program","1036","745","July 05, 2021 at 13:12:05 UTC","2026-09-25T00:20:35Z"
"213","2022-01-05","Provincial Nominee Program","392","808","March 04, 2021 at 16:57:50 UTC","2026-09-25T00:20:35Z"
"212","2021-12-22","Provincial Nominee Program","746","720","November 24, 2021 at 16:56:42 UTC","2026-09-25T00:20:35Z"
"211","2021-12-10","Provincial Nominee Program","1032","698","September 10, 2021 at 16:43:17 UTC","2026-09-25T00:20:35Z"
"210","2021-11-24","Provincial Nominee Program","613","737","June 22, 2021 at 20:19:59 PM UTC","2026-09-25T00:20:35Z"
"209","2021-11-10","Provincial Nominee Program","775","685","August 12, 2021 at 20:05:46 UTC","2026-09-25T00:20:35Z"
"208","2021-10-27","Provincial Nominee Program","681","744","October 7 at 16:38:21 UTC","2026-09-25T00:20:35Z"
"207","2021-10-13","Provincial Nominee Program","681","720","March 16, 2021 at 07:53:28 UTC","2026-09-25T00:20:35Z"
"206","2021-09-29","Provincial Nominee Program","761","742","July 29, 2021 at 09:45:29 UTC","2026-09-25T00:20:35Z"
"205","2021-09-15","Provincial Nominee Program","521","732","February 24, 2021 at 10:46:54 UTC","2026-09-25T00:20:35Z"
"204","2021-09-14","Canadian Experience Class","2000","462","September 11, 2021 at 10:55:43 UTC","2026-09-25T00:20:35Z"
"203","2021-09-01","Provincial Nominee Program","635","764","April 12, 2021 at 12:21:45 UTC","2026-09-25T00:20:35Z"
"202","2021-08-19","Canadian Experience Class","3000","403","August 01, 2021 at 10:13:57 UTC","2026-09-25T00:20:35Z"
"201","2021-08-18","Provincial Nominee Program","463","751","April 13, 2021 at 16:29:29 UTC","2026-09-25T00:20:35Z"
"200","2021-08-05","Canadian Experience Class","3000","404","August 3, 2021 at 05:39:26 UTC","2026-09-25T00:20:35Z"
"199","2021-08-04","Provincial Nominee Program","512","760","March 5, 2021 at 22:38:31 UTC","2026-09-25T00:20:35Z"
"198","2021-07-22","Canadian Experience Class","4500","357","February 14, 2021 at 09:04:15 UTC","2026-09-25T00:20:35Z"
"197","2021-07-21","Provincial Nominee Program","462","734","April 11, 2021 at 10:56:32 UTC","2026-09-25T00:20:35Z"
"196","2021-07-08","Canadian Experience Class","4500","369","June 10, 2021 at 22:46:37 UTC","2026-09-25T00:20:35Z"
"195","2021-07-07","Provincial Nominee Program","627","760","June 14, 2021 at 07:44:05 UTC","2026-09-25T00:20:35Z"
"194","2021-06-24","Canadian Experience Class","6000","357","February 17, 2021 at 10:15:50 UTC","2026-09-25T00:20:35Z"
"193","2021-06-23","Provincial Nominee Program","1002","742","February 18, 2021 at 04:04:56 UTC","2026-09-25T00:20:35Z"
"192","2021-06-10","Canadian Experience Class","6000","368","April 28, 2021 at 05:45:14 UTC","2026-09-25T00:20:35Z"
"191","2021-06-09","Provincial Nominee Program","940","711","February 16, 2021 at 09:06:30 UTC","2026-09-25T00:20:35Z"
"190","2021-05-31","Canadian Experience Class","5956","380","May 28, 2021 at 14:45:22 UTC","2026-09-25T00:20:35Z"
"189","2021-05-26","Provincial Nominee Program","500","713","April 06, 2021 at 09:50:14 UTC","2026-09-25T00:20:35Z"
"188","2021-05-20","Canadian Experience Class","1842","397","April 24, 2021 at 12:09:24 UTC","2026-09-25T00:20:35Z"
"187","2021-05-13","Canadian Experience Class","4147","401","April 29, 2021 at 11:48:14 UTC","2026-09-25T00:20:35Z"
"186","2021-05-12","Provincial Nominee Program","557","752","April 29, 2021 at 10:18:12 UTC","2026-09-25T00:20:35Z"
"185","2021-04-29","Canadian Experience Class","6000","400","April 24, 2021 at 15:24:49 UTC","2026-09-25T00:20:35Z"
"184","2021-04-28","Provincial Nominee Program","381","717","March 16, 2021 at 21:20:50 UTC","2026-09-25T00:20:35Z"
"183","2021-04-16","Canadian Experience Class","6000","417","March 01, 2021 at 19:53:46 UTC","2026-09-25T00:20:35Z"
"182","2021-04-14","Provincial Nominee Program","266","753","March 01, 2021 at 15:22:18 UTC","2026-09-25T00:20:35Z"
"181","2021-04-01","Canadian Experience Class","5000","432","February 16, 2021 at 09:51:22 UTC","2026-09-25T00:20:35Z"
"180","2021-03-31","Provincial Nominee Program","284","778","March 16, 2021 at 16:09:32 UTC","2026-09-25T00:20:35Z"
"179","2021-03-18","Canadian Experience Class","5000","449","February 19, 2021 at 15:59:57 UTC","2026-09-25T00:20:35Z"
"178","2021-03-17","Provincial Nominee Program","183","682","March 04, 2021 at 16:56:20 UTC","2026-09-25T00:20:35Z"
"177","2021-03-08","Provincial Nominee Program","671","739","February 16, 2021 at 19:10:25 UTC","2026-09-25T00:20:35Z"
"176","2021-02-13","Canadian Experience Class","27332","75","September 12, 2020 at 15:31:40 UTC","2026-09-25T00:20:35Z"
"175","2021-02-10","Provincial Nominee Program","654","720","August 14, 2020 at 06:51:00 UTC","2026-09-25T00:20:35Z"
"174","2021-01-21","Canadian Experience Class","4626","454","July 23, 2020 at 17:32:00 UTC","2026-09-25T00:20:35Z"
"173","2021-01-20","Provincial Nominee Program","374","741","September 5, 2020 at 19:39:04 UTC","2026-09-25T00:20:35Z"
"172","2021-01-07","Canadian Experience Class","4750","461","September 12, 2020 at 20:46:32 UTC","2026-09-25T00:20:35Z"
"171","2021-01-06","Provincial Nominee Program","250","813","November 2, 2020 at 11:11:52 UTC","2026-09-25T00:20:35Z"
"170","2020-12-23","No Program Specified","5000","468","June 4, 2020 at 13:39:44 UTC","2026-09-25T00:20:35Z"
"169","2020-12-09","No Program Specified","5000","469","June 4, 2020 at 22:26:05 UTC","2026-09-25T00:20:35Z"
"168","2020-11-25","No Program Specified","5000","469","October 15, 2020 at 08:50:10 UTC","2026-09-25T00:20:35Z"
"167","2020-11-18","No Program Specified","5000","472","October 27, 2020 at 06:18:11 UTC","2026-09-25T00:20:35Z"
"166","2020-11-05","No Program Specified","4500","478","October 26, 2020 at 22:44:19 UTC","2026-09-25T00:20:35Z"
"165","2020-10-14","No Program Specified","4500","471","September 1, 2020 at 12:11:23 UTC","2026-09-25T00:20:35Z"
"164","2020-09-30","No Program Specified","4200","471","March 2, 2020 at 12:47:08 UTC","2026-09-25T00:20:35Z"
"163","2020-09-16","No Program Specified","4200","472","March 09, 2020 at 13:03:40 UTC","2026-09-25T00:20:35Z"
"162","2020-09-02","No Program Specified","4200","475","August 16, 2020 at 01:22:18 UTC","2026-09-25T00:20:35Z"
"161","2020-08-20","Canadian Experience Class","3300","454","July 27, 2020 at 17:05:11 UTC","2026-09-25T00:20:35Z"
"160","2020-08-19","Provincial Nominee Program","600","771","July 24, 2020 at 11:39:23 UTC","2026-09-25T00:20:35Z"
"159","2020-08-06","Federal Skilled Trades","250","415","June 2, 2020 at 09:35:31 UTC","2026-09-25T00:20:35Z"
"158","2020-08-05","No Program Specified","3900","476","July 27, 2020 at 01:02:47 UTC","2026-09-25T00:20:35Z"
"157","2020-07-23","Canadian Experience Class","3343","445","July 12, 2020 at 15:16:55 UTC","2026-09-25T00:20:35Z"
"156","2020-07-22","Provincial Nominee Program","557","687","November 11, 2019 at 08:51:21 UTC","2026-09-25T00:20:35Z"
"155","2020-07-08","No Program Specified","3900","478","February 11, 2020 at 03:17:13 UTC","2026-09-25T00:20:35Z"
"154","2020-06-25","Canadian Experience Class","3508","431","April 3, 2020 at 12:56:32 UTC","2026-09-25T00:20:35Z"
"153","2020-06-24","Provincial Nominee Program","392","696","April 23, 2020 at 10:39:30 UTC","2026-09-25T00:20:35Z"
"152","2020-06-11","Canadian Experience Class","3559","437","May 25, 2020 at 00:31:43 UTC","2026-09-25T00:20:35Z"
"151","2020-06-10","Provincial Nominee Program","341","743","April 14, 2020 at 13:25:51 UTC","2026-09-25T00:20:35Z"
"150","2020-05-28","Canadian Experience Class","3515","440","March 7, 2020 at 10:36:59 UTC","2026-09-25T00:20:35Z"
"149","2020-05-27","Provincial Nominee Program","385","757","April 27, 2020 at 10:19:01 UTC","2026-09-25T00:20:35Z"
"148","2020-05-14","Canadian Experience Class","3371","447","December 23, 2019 at 10:01:06 UTC","2026-09-25T00:20:35Z"
"147","2020-05-13","Provincial Nominee Program","529","718","March 19, 2020 at 12:53:21 UTC","2026-09-25T00:20:35Z"
"146","2020-04-30","Canadian Experience Class","3311","452","October 10, 2019 at 19:15:28 UTC","2026-09-25T00:20:35Z"
"145","2020-04-29","Provincial Nominee Program","589","692","March 11, 2020 at 13:46:21 UTC","2026-09-25T00:20:35Z"
"144","2020-04-16","Canadian Experience Class","3782","455","January 20, 2020 at 17:37:33 UTC","2026-09-25T00:20:35Z"
"143","2020-04-15","Provincial Nominee Program","118","808","March 18, 2020 at 10:30:55 UTC","2026-09-25T00:20:35Z"
"142","2020-04-09","Canadian Experience Class","3294","464","January 4, 2020 at 12:16:45 UTC","2026-09-25T00:20:35Z"
"141","2020-04-09","Provincial Nominee Program","606","698","December 18, 2019 at 11:29:51 UTC","2026-09-25T00:20:35Z"
"140","2020-03-23","Canadian Experience Class","3232","467","November 25, 2019 at 14:00:35 UTC","2026-09-25T00:20:35Z"
"139","2020-03-18","Provincial Nominee Program","668","720","March 19, 2020 at 02:04:06 UTC","2026-09-25T00:20:35Z"
"138","2020-03-04","No Program Specified","3900","471","February 24, 2020 at 06:02:57 UTC","2026-09-25T00:20:35Z"
"137","2020-02-19","No Program Specified","4500","470","January 13, 2020 at 10:52:52 UTC","2026-09-25T00:20:35Z"
"136","2020-02-05","No Program Specified","3500","472","January 30, 2020 at 07:36:26 UTC","2026-09-25T00:20:35Z"
"135","2020-01-22","No Program Specified","3400","471","May 9, 2019 at 01:16:02 UTC","2026-09-25T00:20:35Z"
"134","2020-01-08","No Program Specified","3400","473","December 27, 2019 at 13:35:09 UTC","2026-09-25T00:20:35Z"
"133","2019-12-19","No Program Specified","3200","469","November 14, 2019 at 08:41:33 UTC","2026-09-25T00:20:35Z"
"132","2019-12-11","No Program Specified","3200","472","December 6, 2019 at 03:03:49 UTC","2026-09-25T00:20:35Z"
"131","2019-11-27","No Program Specified","3600","471","November 11, 2019 at 6:29:10 UTC","2026-09-25T00:20:35Z"
"130","2019-11-13","No Program Specified","3600","472","October 8, 2019 at 10:46:01 UTC","2026-09-25T00:20:35Z"
"129","2019-10-30","No Program Specified","3900","475","August 29, 2019 at 03:50:24 UTC","2026-09-25T00:20:35Z"
"128","2019-10-16","Federal Skilled Trades","500","357","March 4, 2019 at 20:36:42 UTC","2026-09-25T00:20:35Z"
"127","2019-10-02","No Program Specified","3900","464","September 20, 2019 at 15:05:04 UTC","2026-09-25T00:20:35Z"
"126","2019-09-18","No Program Specified","3600","462","August 29, 2019 at 07:57:13 UTC","2026-09-25T00:20:35Z"
"125","2019-09-04","No Program Specified","3600","463","August 23, 2019 at 13:33:34 UTC","2026-09-25T00:20:35Z"
"124","2019-08-20","No Program Specified","3600","457","March 24, 2019 at 15:32:42 UTC","2026-09-25T00:20:35Z"
"123","2019-08-12","No Program Specified","3600","466","August 6, 2019 at 12:14:53 UTC","2026-09-25T00:20:35Z"
"122","2019-07-24","No Program Specified","3600","459","May 25, 2019 at 14:40:52 UTC","2026-09-25T00:20:35Z"
"121","2019-07-10","No Program Specified","3600","460","June 11, 2019 at 00:27:18 UTC","2026-09-25T00:20:35Z"
"120","2019-06-26","No Program Specified","3350","462","May 11, 2019 at 17:40:54 UTC","2026-09-25T00:20:35Z"
"119","2019-06-12","No Program Specified","3350","465","June 6, 2019 at 13:51:59 UTC","2026-09-25T00:20:35Z"
"118","2019-05-29","No Program Specified","3350","470","May 23, 2019 at 10:18:56 UTC","2026-09-25T00:20:35Z"
"117","2019-05-15","Federal Skilled Trades","500","332","August 29, 2018 at 8:32:03 UTC","2026-09-25T00:20:35Z"
"116","2019-05-01","No Program Specified","3350","450","November 5, 2018 at 12:27:07 UTC","2026-09-25T00:20:35Z"
"115","2019-04-17","No Program Specified","3350","451","April 2, 2019 at 15:01:49 UTC","2026-09-25T00:20:35Z"
"114","2019-04-03","No Program Specified","3350","451","January 9, 2019 at 7:35:09 UTC","2026-09-25T00:20:35Z"
"113","2019-03-20","No Program Specified","3350","452","February 7, 2019 at 9:59:25 UTC","2026-09-25T00:20:35Z"
"112","2019-03-06","No Program Specified","3350","454","February 11, 2019 at 17:21:27 UTC","2026-09-25T00:20:35Z"
"111","2019-02-20","No Program Specified","3350","457","December 6, 2018 at 12:38:11 UTC","2026-09-25T00:20:35Z"
"110","2019-01-30","No Program Specified","3350","438","April 26, 2018 at 05:00:46 UTC","2026-09-25T00:20:35Z"
"109","2019-01-23","No Program Specified","3900","443","January 2, 2019 at 03:55:26 UTC","2026-09-25T00:20:35Z"
"108","2019-01-09","No Program Specified","3900","449","January 2, 2019 at 11:40:53 UTC","2026-09-25T00:20:35Z"
"107","2018-12-19","No Program Specified","3900","439","February 6, 2018 at 19:31:37 UTC","2026-09-25T00:20:35Z"
"106","2018-12-12","No Program Specified","3900","445","November 28, 2018 at 09:51:43 UTC","2026-09-25T00:20:35Z"
"105","2018-11-28","No Program Specified","3900","445","October 22, 2018 at 14:40:13 UTC","2026-09-25T00:20:35Z"
"104","2018-11-14","No Program Specified","3900","449","September 16, 2018 at 12:41:42 UTC","2026-09-25T00:20:35Z"
"103","2018-10-29","No Program Specified","3900","442","October 16, 2018 at 06:09:04 UTC","2026-09-25T00:20:35Z"
"102","2018-10-15","No Program Specified","3900","440","September 18, 2018 at 11:06:29 UTC","2026-09-25T00:20:35Z"
"101","2018-10-03","No Program Specified","3900","445","October 2, 2018 at 04:02:11 UTC","2026-09-25T00:20:35Z"
"100","2018-09-24","Federal Skilled Trades","400","284","February 18, 2018 at 12:31:16 UTC","2026-09-25T00:20:35Z"
"99","2018-09-19","No Program Specified","3500","441","September 6, 2018 at 10:28:45 UTC","2026-09-25T00:20:35Z"
"98","2018-09-05","No Program Specified","3900","440","April 29, 2018 at 14:28:34 UTC","2026-09-25T00:20:35Z"
"97","2018-08-22","No Program Specified","3750","440","February 21, 2018 at 11:28:03 UTC","2026-09-25T00:20:35Z"
"96","2018-08-08","No Program Specified","3750","440","January 31, 2018 at 00:06:40 UTC","2026-09-25T00:20:35Z"
"95","2018-07-25","No Program Specified","3750","441","December 31, 2017 at 12:14:21 UTC","2026-09-25T00:20:35Z"
"94","2018-07-11","No Program Specified","3750","442","June 26, 2018 at 13:18:55 UTC","2026-09-25T00:20:35Z"
"93","2018-06-25","No Program Specified","3750","442","January 28, 2018 at 21:06:11 UTC","2026-09-25T00:20:35Z"
"92","2018-06-13","No Program Specified","3750","451","July 21, 2017 at 07:01:28 UTC","2026-09-25T00:20:35Z"
"91b","2018-05-30","Provincial Nominee Program","200","902","March 23, 2018 at 05:38:02 UTC","2026-09-25T00:20:35Z"
"91a","2018-05-30","Federal Skilled Trades","500","288","June 7, 2017 at 20:11:13 UTC","2026-09-25T00:20:35Z"
"90","2018-05-23","No Program Specified","3500","440","December 30, 2017 at 06:39:40 UTC","2026-09-25T00:20:35Z"
"89","2018-05-09","No Program Specified","3500","441","December 12, 2017 at 01:51:38 UTC","2026-09-25T00:20:35Z"
"88","2018-04-25","No Program Specified","3500","441","December 8, 2017 at 10:25:33 UTC","2026-09-25T00:20:35Z"
"87","2018-04-11","No Program Specified","3500","444","March 26, 2018 at 08:25:40 UTC","2026-09-25T00:20:35Z"
"86","2018-03-26","No Program Specified","3000","446","February 23, 2018 at 08:06:19 UTC","2026-09-25T00:20:35Z"
"85","2018-03-14","No Program Specified","3000","456","March 3, 2018 at 02:12:11 UTC","2026-09-25T00:20:35Z"
"84","2018-02-21","No Program Specified","3000","442","February 11, 2018 at 17:03:32 UTC","2026-09-25T00:20:35Z"
"83","2018-02-07","No Program Specified","3000","442","May 29, 2017 at 07:01:15 UTC","2026-09-25T00:20:35Z"
"82","2018-01-24","No Program Specified","2750","444"," January 17, 2018 at 12:33:00 UTC","2026-09-25T00:20:35Z"
"81","2018-01-10","No Program Specified","2750","446","November 18, 2017 at 6:30:42 UTC","2026-09-25T00:20:35Z"
"80","2017-12-20","No Program Specified","2750","446","October 02, 2017 at 14:56:53 UTC","2026-09-25T00:20:35Z"
"79","2017-12-06","No Program Specified","2750","452","November 16, 2017 at 04:20:20 UTC","2026-09-25T00:20:35Z"
"78","2017-11-15","No Program Specified","2750","439","October 19, 2017 at 12:02:28 UTC","2026-09-25T00:20:35Z"
"77","2017-11-08","No Program Specified","2000","458","October 23, 2017 at 15:58:27 UTC","2026-09-25T00:20:35Z"
"76","2017-11-01","Federal Skilled Trades","505","241","","2026-09-25T00:20:35Z"
"75","2017-11-01","Provincial Nominee Program","290","673","","2026-09-25T00:20:35Z"
"74","2017-10-18","No Program Specified","2757","436","","2026-09-25T00:20:35Z"
"73","2017-10-04","No Program Specified","2801","438","","2026-09-25T00:20:35Z"
"72","2017-09-20","No Program Specified","2871","433","","2026-09-25T00:20:35Z"
"71","2017-09-06","No Program Specified","2772","435","","2026-09-25T00:20:35Z"
"70","2017-08-23","No Program Specified","3035","434","","2026-09-25T00:20:35Z"
"69","2017-08-09","No Program Specified","2991","433","","2026-09-25T00:20:35Z"
"68","2017-08-02","No Program Specified","3264","441","","2026-09-25T00:20:35Z"
"67","2017-07-12","No Program Specified","3202","440","","2026-09-25T00:20:35Z"
"66","2017-06-28","No Program Specified","3409","449","","2026-09-25T00:20:35Z"
"65","2017-05-31","No Program Specified","3877","413","","2026-09-25T00:20:35Z"
"64","2017-05-26","Federal Skilled Trades","400","199","","2026-09-25T00:20:35Z"
"63","2017-05-26","Provincial Nominee Program","143","775","","2026-09-25T00:20:35Z"
"62","2017-05-17","No Program Specified","3687","415","","2026-09-25T00:20:35Z"
"61","2017-05-04","No Program Specified","3796","423","","2026-09-25T00:20:35Z"
"60","2017-04-19","No Program Specified","3665","415","","2026-09-25T00:20:35Z"
"59","2017-04-12","No Program Specified","3923","423","","2026-09-25T00:20:35Z"
"58","2017-04-05","No Program Specified","3753","431","","2026-09-25T00:20:35Z"
"57","2017-03-24","No Program Specified","3749","441","","2026-09-25T00:20:35Z"
"56","2017-03-01","No Program Specified","3884","434","","2026-09-25T00:20:35Z"
"55","2017-02-22","No Program Specified","3611","441","","2026-09-25T00:20:35Z"
"54","2017-02-08","No Program Specified","3644","447","","2026-09-25T00:20:35Z"
"53","2017-01-25","No Program Specified","3508","453","","2026-09-25T00:20:35Z"
"52","2017-01-11","No Program Specified","3334","459","","2026-09-25T00:20:35Z"
"51","2017-01-04","No Program Specified","2902","468","","2026-09-25T00:20:35Z"
"50","2016-12-22","No Program Specified","2878","475","","2026-09-25T00:20:35Z"
"49","2016-12-16","No Program Specified","1936","497","","2026-09-25T00:20:35Z"
"48","2016-11-30","Provincial Nominee Program","559","786","","2026-09-25T00:20:35Z"
"47","2016-11-16","No Program Specified","2427","470","","2026-09-25T00:20:35Z"
"46","2016-11-02","No Program Specified","2080","472","","2026-09-25T00:20:35Z"
"45","2016-10-19","No Program Specified","1804","475","","2026-09-25T00:20:35Z"
"44","2016-10-12","No Program Specified","1518","484","","2026-09-25T00:20:35Z"
"43","2016-09-21","No Program Specified","1288","483","","2026-09-25T00:20:35Z"
"42","2016-09-07","No Program Specified","1000","491","","2026-09-25T00:20:35Z"
"41","2016-08-24","No Program Specified","750","538","","2026-09-25T00:20:35Z"
"40","2016-08-10","No Program Specified","754","490","","2026-09-25T00:20:35Z"
"39","2016-07-27","No Program Specified","755","488","","2026-09-25T00:20:35Z"
"38","2016-07-13","No Program Specified","747","482","","2026-09-25T00:20:35Z"
"37","2016-06-29","No Program Specified","773","482","","2026-09-25T00:20:35Z"
"36","2016-06-15","No Program Specified","752","488","","2026-09-25T00:20:35Z"
"35","2016-06-01","No Program Specified","762","483","","2026-09-25T00:20:35Z"
"34","2016-05-18","No Program Specified","763","484","","2026-09-25T00:20:35Z"
"33","2016-05-06","No Program Specified","799","534","","2026-09-25T00:20:35Z"
"32","2016-04-20","No Program Specified","1018","468","","2026-09-25T00:20:35Z"
"31","2016-04-06","No Program Specified","954","470","","2026-09-25T00:20:35Z"
"30","2016-03-23","No Program Specified","1014","470","","2026-09-25T00:20:35Z"
"29","2016-03-09","No Program Specified","1013","473","","2026-09-25T00:20:35Z"
"28","2016-02-24","No Program Specified","1484","453","","2026-09-25T00:20:35Z"
"27","2016-02-10","No Program Specified","1505","459","","2026-09-25T00:20:35Z"
"26","2016-01-27","No Program Specified","1468","457","","2026-09-25T00:20:35Z"
"25","2016-01-13","No Program Specified","1518","453","","2026-09-25T00:20:35Z"
"24","2016-01-06","No Program Specified","1463","461","","2026-09-25T00:20:35Z"
"23","2015-12-18","No Program Specified","1503","460","","2026-09-25T00:20:35Z"
"22","2015-12-04","No Program Specified","1451","461","","2026-09-25T00:20:35Z"
"21","2015-11-27","No Program Specified","1559","472","","2026-09-25T00:20:35Z"
"20","2015-11-13","No Program Specified","1506","484","","2026-09-25T00:20:35Z"
"19","2015-10-23","No Program Specified","1502","489","","2026-09-25T00:20:35Z"
"18","2015-10-02","No Program Specified","1530","450","","2026-09-25T00:20:35Z"
"17","2015-09-18","No Program Specified","1545","450","","2026-09-25T00:20:35Z"
"16","2015-09-08","No Program Specified","1517","459","","2026-09-25T00:20:35Z"
"15","2015-08-21","No Program Specified","1523","456","","2026-09-25T00:20:35Z"
"14","2015-08-07","No Program Specified","1402","471","","2026-09-25T00:20:35Z"
"13","2015-07-17","No Program Specified","1581","451","","2026-09-25T00:20:35Z"
"12","2015-07-10","No Program Specified","1516","463","","2026-09-25T00:20:35Z"
"11","2015-06-26","No Program Specified","1575","469","","2026-09-25T00:20:35Z"
"10","2015-06-12","No Program Specified","1501","482","","2026-09-25T00:20:35Z"
"9","2015-05-22","No Program Specified","1361","755","","2026-09-25T00:20:35Z"
"8","2015-04-17","No Program Specified","715","453","","2026-09-25T00:20:35Z"
"7","2015-04-10","No Program Specified","925","469","","2026-09-25T00:20:35Z"
"6","2015-03-27","No Program Specified","1637","453","","2026-09-25T00:20:35Z"
"5","2015-03-20","No Program Specified","1620","481","","2026-09-25T00:20:35Z"
"4","2015-02-27","No Program Specified","1187","735","","2026-09-25T00:20:35Z"
"3","2015-02-20","Canadian Experience Class","849","808","","2026-09-25T00:20:35Z"
"2","2015-02-07","No Program Specified","779","818","","2026-09-25T00:20:35Z"
"1","2015-01-31","No Program Specified","779","886","","2026-09-25T00:20:35Z"